name,city,age
Orli Hogan,Tuticorin,34
Lara Murray,Saintes,43
Carly Macdonald,Paredones,28
Leilani Dejesus,Rajapalaiyam,40
Reuben Morse,San Bernardo,44
Caesar Ferrell,San Giuliano di Puglia,30
Lars Ford,Opdorp,41
Camilla Koch,Colorno,23
Mariko Compton,Rocca San Felice,23
Reed Hill,Rajapalaiyam,40
Orlando Barlow,Portofino,25
Sebastian Paul,West Valley City,26
Abraham Young,Rohtak,22
Lisandra Mayer,Chicoutimi,49
Carissa Reed,Osimo,26
Jasmine Floyd,Girifalco,28
Cameron Mills,Lacombe County,28
Christian Shaffer,Campli,30
Castor Colon,Bassano in Teverina,45
Josiah Blanchard,Argyle,39
TaShya Murray,Subbiano,43
Larissa Hawkins,Tielrode,21
Jelani Gaines,Polpenazze del Garda,41
Levi Rivas,Hassan,45
Chanda Collier,Vaughan,23
Lacy Preston,Wattrelos,49
Lamar Ross,Ponoka,50
Kaitlin Morton,Melton Mowbray,46
Martena Mckenzie,Harnoncourt,23
Avram Reed,Koszalin,30
Dieter Morse,Gold Coast,49
Samson Sellers,Ife,33
Violet Keith,Sant'Eufemia a Maiella,38
Aladdin Little,Alto Biobío,37
Gabriel Herrera,Hull,33
Armand Boyer,Perquenco,24
Coby Porter,Labico,30
Iola Robles,Bruderheim,34
Barbara Duke,Eisleben,47
Richard Burton,Molenbeersel,23
Warren Clayton,Montaldo Bormida,32
Kelsie Frost,Beaconsfield,38
Melinda Tyler,Hamme-Mille,38
Rebecca Pugh,Governador Valadares,30
Sybill Harrison,Łomża,33
Jana Diaz,Graz,48
Olivia Ramos,Valcourt,46
Daniel Vega,Pietraroja,41
Chanda Farmer,Maracanaú,45
Madeline Huff,Cellara,20
Arden Garza,Shipshaw,40
Joseph Booker,Tomaszów Mazowiecki,35
Uta Russell,Green Bay,50
Tarik Castaneda,Noisy-le-Grand,49
Calvin Berry,Bellevue,44
Russell Madden,Lembeek,31
Eleanor Hatfield,Ross-on-Wye,31
Teagan Maxwell,Söke,26
Nita Jenkins,Autelbas,29
Hoyt Stephens,Limoges,49
Lois Douglas,Guardia Sanframondi,49
Asher Clemons,Puchuncaví,27
Colin Langley,North Battleford,22
Evan Horn,Virton,33
Demetrius Hines,Nuremberg,39
Brooke Odonnell,Bludenz,40
Summer Strickland,Hannut,35
Zeph Shelton,Covington,24
Isaac Knowles,Windsor,29
Iola Fulton,Mangalore,44
Xerxes Allen,Malgesso,49
Tanner George,Borgomasino,32
Howard Luna,Ijebu Ode,39
Kelsey Miller,Porvenir,44
Whitney Rowe,Rengo,42
Uriel Walton,Ichalkaranji,39
Perry Craig,Redwater,39
Ora Knapp,Grand Falls,43
Shay Gilbert,Oberhausen,28
Kyra Mcmahon,Retiro,25
Ignatius Matthews,Sint-Jans-Molenbeek,24
Thor Boyer,Morena,39
Palmer Wells,Quillota,31
Holmes Pena,Oudekapelle,50
Karina Hahn,Piagge,45
Silas Dejesus,Westende,24
Althea Raymond,Mascalucia,36
Sade Steele,Chesapeake,23
Janna Booth,Lossiemouth,31
Catherine Orr,Bergerac,29
Leslie Norman,Sint-Stevens-Woluwe,40
Vincent Henry,Jefferson City,40
Oleg Rosario,Montignies-Saint-Christophe,42
Dante Coleman,Roksem,24
Candace Witt,Ziano di Fiemme,27
Mara Howe,Ponoka,22
Violet Melendez,Shawville,22
Iona Hebert,Akhisar,26
Rylee Buckley,Chattanooga,42
Keane Aguilar,Laino Castello,27
